N_windows,pos_mae_m,pos_rmse_m,mpjpe_m,z_mae_m,z_acc,bone_len_mae_m,bone_len_rel_mae,bone_cos_mean,bone_cos_acc,knee_mae_deg,knee_acc,sup_acc,sup_f1_macro,switch_prec,switch_rec,switch_f1,switch_acc,which,coord,seq_len,horizon,support_min_run,event_win,z_tol
362,0.057710956782102585,0.09296852350234985,0.12822683155536652,0.1100890040397644,0.3917127251625061,0.055329347401857375,0.16748983412981033,0.9488541960716248,0.6380110561847687,17.931242370605467,0.22182320654392243,0.5453038811683655,0.5322830007636042,0.6041666666666666,0.2539404553415061,0.3575832305795314,0.8113259673118591,test,root,50,10,3,2,0.05
